Item_Identifier,Item_Weight,Item_Fat_Content,Item_Visibility,Item_Type,Item_MRP,Outlet_Identifier,Outlet_Establishment_Year,Outlet_Size,Outlet_Location_Type,Outlet_Type,Predicted_Sales_Value
FDW58,20.75,Low Fat,0.007564836,Snack Foods,107.8622,OUT049,1999,Medium,Tier 1,Supermarket Type1,1903.2980473333348
FDW14,8.3,reg,0.038427677,Dairy,87.3198,OUT017,2007,,Tier 2,Supermarket Type1,1213.2451726666673
FDQ58,7.315,Low Fat,0.015388393,Snack Foods,155.034,OUT017,2007,,Tier 2,Supermarket Type1,2345.9418613333296
FDN33,6.305,Regular,0.123365446,Snack Foods,95.7436,OUT045,2002,,Tier 2,Supermarket Type1,1079.2484840000006
FDT44,16.6,Low Fat,0.103569075,Fruits and Vegetables,118.3466,OUT017,2007,,Tier 2,Supermarket Type1,1938.0128593333325
FDQ56,6.59,Low Fat,0.10581147,Fruits and Vegetables,85.3908,OUT045,2002,,Tier 2,Supermarket Type1,1433.9157053333295
FDU11,4.785,Low Fat,0.092737611,Breads,122.3098,OUT049,1999,Medium,Tier 1,Supermarket Type1,2113.8173493333293
DRC12,17.85,Low Fat,0.037980963,Soft Drinks,192.2188,OUT018,2009,Medium,Tier 3,Supermarket Type2,3530.042748666665
FDS10,19.2,Low Fat,0.035178935,Snack Foods,180.7318,OUT035,2004,Small,Tier 2,Supermarket Type1,3179.747613999999
NCF19,13.0,Low Fat,0.035102094,Household,47.6034,OUT035,2004,Small,Tier 2,Supermarket Type1,794.5324300000029
FDE21,12.8,LF,0.022940349,Fruits and Vegetables,116.5492,OUT035,2004,Small,Tier 2,Supermarket Type1,1899.1234813333338
NCR06,12.5,Low Fat,0.006792707,Household,42.4112,OUT018,2009,Medium,Tier 3,Supermarket Type2,379.73015266666664
FDU59,5.78,Low Fat,0.096931426,Breads,164.2552,OUT017,2007,,Tier 2,Supermarket Type1,2289.7239286666636
NCF18,18.35,Low Fat,0.089485918,Household,192.1504,OUT017,2007,,Tier 2,Supermarket Type1,3796.6290686666625
NCD54,21.1,Low Fat,0.029127115,Household,143.3786,OUT018,2009,Medium,Tier 3,Supermarket Type2,1906.8312260000012
NCY54,8.43,Low Fat,0.178699961,Household,173.9422,OUT017,2007,,Tier 2,Supermarket Type1,2436.275385999998
FDS31,13.1,Regular,0.044442342,Fruits and Vegetables,181.0318,OUT017,2007,,Tier 2,Supermarket Type1,3484.1669093333253
FDJ20,20.7,Regular,0.100741569,Fruits and Vegetables,122.3388,OUT017,2007,,Tier 2,Supermarket Type1,1763.189314666666
FDE52,10.395,Regular,0.029947409,Dairy,90.1514,OUT045,2002,,Tier 2,Supermarket Type1,1228.7117066666674
FDL51,20.7,Regular,0.047760002,Dairy,214.9876,OUT017,2007,,Tier 2,Supermarket Type1,3524.6009433333356
FDR07,21.35,Low Fat,0.07818366,Fruits and Vegetables,96.8094,OUT017,2007,,Tier 2,Supermarket Type1,1288.0833120000018
NCW42,18.2,Low Fat,0.058587558,Household,221.6456,OUT045,2002,,Tier 2,Supermarket Type1,4073.752783333338
NCX06,17.6,Low Fat,0.015711434,Household,180.0976,OUT049,1999,Medium,Tier 1,Supermarket Type1,3049.279665333334
FDZ14,7.71,Regular,0.047782552,Dairy,122.3756,OUT018,2009,Medium,Tier 3,Supermarket Type2,1836.256426000001
DRG49,7.81,Low Fat,0.067560171,Soft Drinks,245.2486,OUT049,1999,Medium,Tier 1,Supermarket Type1,5865.145385999979
NCG06,16.35,Low Fat,0.029505077,Household,256.2646,OUT045,2002,,Tier 2,Supermarket Type1,3546.0441420000056
DRC36,13.0,Regular,0.045076104,Soft Drinks,173.7054,OUT045,2002,,Tier 2,Supermarket Type1,3042.6083493333344
DRC24,17.85,Low Fat,0.024816585,Soft Drinks,152.6998,OUT035,2004,Small,Tier 2,Supermarket Type1,2905.7021146666675
FDW21,5.34,Regular,0.005988175,Snack Foods,100.6358,OUT018,2009,Medium,Tier 3,Supermarket Type2,1625.8769420000008
FDY27,6.38,Low Fat,0.032078604,Dairy,177.6344,OUT017,2007,,Tier 2,Supermarket Type1,2368.9585673333354
FDV56,16.1,Regular,0.013593151,Fruits and Vegetables,108.9596,OUT035,2004,Small,Tier 2,Supermarket Type1,1731.441751333333
FDU35,6.44,Low Fat,0.079538056,Breads,99.47,OUT018,2009,Medium,Tier 3,Supermarket Type2,1527.2408913333325
FDN57,18.25,Low Fat,0.054540968,Snack Foods,140.4154,OUT017,2007,,Tier 2,Supermarket Type1,2326.509378666667
FDA03,18.5,Regular,0.045648973,Dairy,145.6102,OUT018,2009,Medium,Tier 3,Supermarket Type2,2119.9604640000007
FDM22,14.0,Regular,0.042022999,Snack Foods,53.064,OUT049,1999,Medium,Tier 1,Supermarket Type1,1008.9422233333313
FDU14,17.75,Low Fat,0.0,Dairy,249.775,OUT018,2009,Medium,Tier 3,Supermarket Type2,4175.975276666666
FDZ02,6.905,Regular,0.038140213,Dairy,96.3726,OUT035,2004,Small,Tier 2,Supermarket Type1,1366.1306073333367
FDL46,20.35,Low Fat,0.054166556,Snack Foods,116.9466,OUT045,2002,,Tier 2,Supermarket Type1,1404.2698506666648
NCO06,19.25,Low Fat,0.108641498,Household,33.0558,OUT017,2007,,Tier 2,Supermarket Type1,559.478398
NCM42,6.13,Low Fat,0.028316137,Household,109.3912,OUT035,2004,Small,Tier 2,Supermarket Type1,1891.9417186666694
DRI49,14.15,Low Fat,0.1837926,Soft Drinks,81.3276,OUT049,1999,Medium,Tier 1,Supermarket Type1,1366.8097233333333
FDQ22,16.75,Low Fat,0.029860799,Snack Foods,39.5822,OUT018,2009,Medium,Tier 3,Supermarket Type2,353.2268739999996
DRN36,15.2,low fat,0.050255855,Soft Drinks,97.3752,OUT049,1999,Medium,Tier 1,Supermarket Type1,1893.4530846666648
NCY06,15.25,Low Fat,0.061173235,Household,128.5968,OUT035,2004,Small,Tier 2,Supermarket Type1,2132.4974780000025
FDE52,10.395,Regular,0.029881147,Dairy,89.5514,OUT035,2004,Small,Tier 2,Supermarket Type1,1337.751992000001
NCF31,9.13,Low Fat,0.051837621,Household,152.6024,OUT035,2004,Small,Tier 2,Supermarket Type1,2417.732855999994
NCC07,19.6,Low Fat,0.024086626,Household,106.0964,OUT017,2007,,Tier 2,Supermarket Type1,1484.3433973333351
FDL46,20.35,Low Fat,0.0,Snack Foods,118.9466,OUT049,1999,Medium,Tier 1,Supermarket Type1,1818.7436666666642
FDM20,10.0,Low Fat,0.038764258,Fruits and Vegetables,246.2144,OUT045,2002,,Tier 2,Supermarket Type1,4752.984188666666
NCH07,13.15,Low Fat,0.093044518,Household,158.4604,OUT018,2009,Medium,Tier 3,Supermarket Type2,2283.851572666664
FDO49,10.6,Regular,0.033186809,Breakfast,49.1008,OUT018,2009,Medium,Tier 3,Supermarket Type2,664.7946420000009
FDS35,9.3,Low Fat,0.11139344,Breads,65.2826,OUT049,1999,Medium,Tier 1,Supermarket Type1,918.4755386666651
DRK39,7.02,Low Fat,0.049966527,Dairy,82.525,OUT045,2002,,Tier 2,Supermarket Type1,1158.2412153333314
DRI39,13.8,Low Fat,0.097212998,Dairy,58.293,OUT049,1999,Medium,Tier 1,Supermarket Type1,949.974536666666
FDK44,16.6,Low Fat,0.122417514,Fruits and Vegetables,174.3738,OUT049,1999,Medium,Tier 1,Supermarket Type1,1980.4221000000016
NCH54,13.5,LF,0.073080167,Household,161.492,OUT017,2007,,Tier 2,Supermarket Type1,2573.4967659999957
FDH08,7.51,Low Fat,0.017500079,Fruits and Vegetables,228.801,OUT018,2009,Medium,Tier 3,Supermarket Type2,2886.3317733333315
FDC09,15.5,Regular,0.026297031,Fruits and Vegetables,102.7332,OUT035,2004,Small,Tier 2,Supermarket Type1,1810.7229960000038
NCE19,8.97,Low Fat,0.093540749,Household,55.4956,OUT017,2007,,Tier 2,Supermarket Type1,892.2252640000015
NCN18,8.895,Low Fat,0.0,Household,110.9544,OUT049,1999,Medium,Tier 1,Supermarket Type1,1598.9852799999976
FDF32,16.35,Low Fat,0.068068082,Fruits and Vegetables,199.1426,OUT035,2004,Small,Tier 2,Supermarket Type1,3545.3539293333297
NCG54,12.1,Low Fat,0.079791176,Household,169.5106,OUT035,2004,Small,Tier 2,Supermarket Type1,3233.530938000007
FDT57,15.2,Low Fat,0.019112323,Snack Foods,236.2248,OUT018,2009,Medium,Tier 3,Supermarket Type2,2940.3880753333337
FDS09,8.895,Regular,0.081073148,Snack Foods,51.2008,OUT035,2004,Small,Tier 2,Supermarket Type1,914.4652033333335
FDC22,6.89,Regular,0.13720009,Snack Foods,191.882,OUT017,2007,,Tier 2,Supermarket Type1,3463.8245000000097
DRD24,13.85,Low Fat,0.030857538,Soft Drinks,140.6154,OUT045,2002,,Tier 2,Supermarket Type1,1799.1158826666683
FDV45,16.75,Low Fat,0.045302246,Snack Foods,189.1556,OUT017,2007,,Tier 2,Supermarket Type1,3489.5665473333347
FDA56,9.21,Low Fat,0.00880049,Fruits and Vegetables,123.0414,OUT018,2009,Medium,Tier 3,Supermarket Type2,1578.5363426666643
FDM20,10.0,Low Fat,0.038745948,Fruits and Vegetables,245.0144,OUT049,1999,Medium,Tier 1,Supermarket Type1,4430.881245333338
NCG55,16.25,Low Fat,0.039225553,Household,116.2176,OUT045,2002,,Tier 2,Supermarket Type1,2182.889660666663
FDX35,5.035,Regular,0.080236064,Breads,226.4036,OUT018,2009,Medium,Tier 3,Supermarket Type2,3247.219786000003
FDW21,5.34,Regular,0.005975976,Snack Foods,100.8358,OUT045,2002,,Tier 2,Supermarket Type1,1739.9440173333346
FDS59,14.8,Regular,0.043961689,Breads,109.157,OUT049,1999,Medium,Tier 1,Supermarket Type1,1988.7778900000014
FDY19,19.75,Low Fat,0.041598912,Fruits and Vegetables,118.0466,OUT017,2007,,Tier 2,Supermarket Type1,2100.312705999995
NCC55,10.695,Low Fat,0.063862271,Household,38.1848,OUT049,1999,Medium,Tier 1,Supermarket Type1,710.2510273333334
FDO09,13.5,Regular,0.125983278,Snack Foods,264.691,OUT017,2007,,Tier 2,Supermarket Type1,5933.676179999986
FDU43,19.35,Regular,0.058161092,Fruits and Vegetables,239.4564,OUT045,2002,,Tier 2,Supermarket Type1,4249.339778666665
FDW58,20.75,Low Fat,0.007595816,Snack Foods,104.4622,OUT017,2007,,Tier 2,Supermarket Type1,2292.6756420000056
FDC47,15.0,Low Fat,0.11956313,Snack Foods,227.2694,OUT017,2007,,Tier 2,Supermarket Type1,4164.288267333326
DRG49,7.81,Low Fat,0.067442541,Soft Drinks,244.7486,OUT035,2004,Small,Tier 2,Supermarket Type1,5351.587213999981
NCU18,15.1,Low Fat,0.055926872,Household,141.4496,OUT049,1999,Medium,Tier 1,Supermarket Type1,2600.858926666665
FDY33,14.5,Regular,0.097597084,Snack Foods,158.5262,OUT018,2009,Medium,Tier 3,Supermarket Type2,3160.0377146666647
NCY30,20.25,Low Fat,0.02610006,Household,182.8976,OUT017,2007,,Tier 2,Supermarket Type1,3289.910881999992
FDQ46,7.51,Low Fat,0.103974431,Snack Foods,112.1544,OUT049,1999,Medium,Tier 1,Supermarket Type1,1939.939240666669
FDK33,17.85,Low Fat,0.011298801,Snack Foods,213.256,OUT017,2007,,Tier 2,Supermarket Type1,3306.9642393333243
NCD07,9.1,Low Fat,0.055541153,Household,115.6518,OUT045,2002,,Tier 2,Supermarket Type1,958.9362046666699
FDI44,16.1,Low Fat,0.100213917,Fruits and Vegetables,79.0328,OUT035,2004,Small,Tier 2,Supermarket Type1,1525.796105333334
FDA45,21.25,Low Fat,0.155621254,Snack Foods,178.237,OUT049,1999,Medium,Tier 1,Supermarket Type1,2027.5762753333318
FDP31,21.1,Regular,0.161832494,Fruits and Vegetables,65.7168,OUT045,2002,,Tier 2,Supermarket Type1,1293.0856893333303
FDT09,15.15,Regular,0.012313256,Snack Foods,132.8284,OUT018,2009,Medium,Tier 3,Supermarket Type2,2018.911997999998
NCF31,9.13,Low Fat,0.052140695,Household,153.4024,OUT017,2007,,Tier 2,Supermarket Type1,2235.447912666663
FDU14,17.75,Low Fat,0.034806679,Dairy,250.175,OUT049,1999,Medium,Tier 1,Supermarket Type1,3985.647469333337
FDI56,7.325,Low Fat,0.093530571,Fruits and Vegetables,90.4146,OUT049,1999,Medium,Tier 1,Supermarket Type1,1460.2658499999995
DRK49,14.15,Low Fat,0.036090136,Soft Drinks,41.1138,OUT018,2009,Medium,Tier 3,Supermarket Type2,355.23758999999916
DRD60,15.7,Low Fat,0.03744271,Soft Drinks,181.1634,OUT017,2007,,Tier 2,Supermarket Type1,3306.8532726666645
FDM32,20.5,Low Fat,0.020601136,Fruits and Vegetables,91.683,OUT035,2004,Small,Tier 2,Supermarket Type1,1700.9747433333305
NCC06,19.0,Low Fat,0.027096298,Household,128.6336,OUT018,2009,Medium,Tier 3,Supermarket Type2,2012.2406820000006
FDW02,4.805,Regular,0.037912667,Dairy,125.8704,OUT017,2007,,Tier 2,Supermarket Type1,2068.716057333332
NCD43,8.85,Low Fat,0.016110572,Household,104.2964,OUT017,2007,,Tier 2,Supermarket Type1,1754.169944
FDM57,11.65,Regular,0.076158144,Snack Foods,82.9908,OUT018,2009,Medium,Tier 3,Supermarket Type2,907.1746933333335
FDA58,9.395,Low Fat,0.104338095,Snack Foods,236.8932,OUT017,2007,,Tier 2,Supermarket Type1,3702.0055726666646
FDW20,20.75,LF,0.024247803,Fruits and Vegetables,123.973,OUT018,2009,Medium,Tier 3,Supermarket Type2,2042.2749199999978
FDF34,9.3,Regular,0.014016743,Snack Foods,196.8084,OUT035,2004,Small,Tier 2,Supermarket Type1,3105.115872666662
FDZ10,17.85,Low Fat,0.0,Snack Foods,127.502,OUT045,2002,,Tier 2,Supermarket Type1,2262.2552400000013
FDD51,11.15,Low Fat,0.120441348,Dairy,43.7744,OUT018,2009,Medium,Tier 3,Supermarket Type2,397.3205886666666
FDP58,11.1,LF,0.135906738,Snack Foods,217.9482,OUT017,2007,,Tier 2,Supermarket Type1,3254.852073333331
FDP26,7.785,Low Fat,0.139835844,Dairy,104.7306,OUT045,2002,,Tier 2,Supermarket Type1,1171.5083899999977
FDF32,16.35,Low Fat,0.068466049,Fruits and Vegetables,197.1426,OUT017,2007,,Tier 2,Supermarket Type1,3494.8729733333284
FDN31,11.5,Low Fat,0.073178424,Fruits and Vegetables,189.153,OUT018,2009,Medium,Tier 3,Supermarket Type2,2796.706215999997
DRM48,15.2,Low Fat,0.113535259,Soft Drinks,36.0848,OUT017,2007,,Tier 2,Supermarket Type1,656.3656139999988
FDN20,19.35,Low Fat,0.026222599,Fruits and Vegetables,169.0474,OUT049,1999,Medium,Tier 1,Supermarket Type1,3054.799147333333
FDV56,16.1,Regular,0.01361686,Fruits and Vegetables,107.2596,OUT049,1999,Medium,Tier 1,Supermarket Type1,1489.1904213333316
FDA03,18.5,Regular,0.045720935,Dairy,145.6102,OUT017,2007,,Tier 2,Supermarket Type1,2425.924415333333
FDX57,17.25,Regular,0.047339698,Snack Foods,96.5068,OUT049,1999,Medium,Tier 1,Supermarket Type1,1659.6063699999975
NCA30,19.0,LF,0.129596025,Household,190.5872,OUT045,2002,,Tier 2,Supermarket Type1,3675.160516666665
DRM48,15.2,Low Fat,0.112875322,Soft Drinks,37.2848,OUT035,2004,Small,Tier 2,Supermarket Type1,771.4069766666662
NCC19,6.57,Low Fat,0.097275225,Household,192.682,OUT018,2009,Medium,Tier 3,Supermarket Type2,2785.1257346666684
NCE42,21.1,Low Fat,0.010623794,Household,235.4958,OUT045,2002,,Tier 2,Supermarket Type1,2501.086577333335
FDY08,9.395,Regular,0.171042873,Fruits and Vegetables,139.9838,OUT035,2004,Small,Tier 2,Supermarket Type1,2151.9277413333366
NCT30,9.1,LF,0.080455726,Household,47.3718,OUT045,2002,,Tier 2,Supermarket Type1,710.7681320000017
DRY23,9.395,Regular,0.109540783,Soft Drinks,41.9112,OUT018,2009,Medium,Tier 3,Supermarket Type2,419.72697799999963
NCZ30,6.59,Low Fat,0.026291649,Household,121.7098,OUT018,2009,Medium,Tier 3,Supermarket Type2,1736.495173333335
FDC44,15.6,Low Fat,0.173299972,Fruits and Vegetables,113.3518,OUT018,2009,Medium,Tier 3,Supermarket Type2,1855.3449120000016
FDB45,20.85,Low Fat,0.021325759,Fruits and Vegetables,104.6306,OUT035,2004,Small,Tier 2,Supermarket Type1,1783.2032626666664
FDZ43,11.0,Regular,0.057381292,Fruits and Vegetables,241.2512,OUT017,2007,,Tier 2,Supermarket Type1,5330.53239866666
FDL57,15.1,Regular,0.067456225,Snack Foods,257.5304,OUT017,2007,,Tier 2,Supermarket Type1,5663.621041999999
FDP09,19.75,Low Fat,0.033958586,Snack Foods,212.0902,OUT045,2002,,Tier 2,Supermarket Type1,3605.3380706666676
FDW21,5.34,Regular,0.005973153,Snack Foods,99.0358,OUT049,1999,Medium,Tier 1,Supermarket Type1,1714.0244233333353
DRE13,6.28,Low Fat,0.027861814,Soft Drinks,85.5198,OUT017,2007,,Tier 2,Supermarket Type1,1441.756609999996
FDD22,10.0,Low Fat,0.099851786,Snack Foods,111.7544,OUT045,2002,,Tier 2,Supermarket Type1,2345.591206666671
NCM54,17.7,Low Fat,0.051042366,Household,126.1678,OUT045,2002,,Tier 2,Supermarket Type1,2171.067271999998
FDP20,19.85,Low Fat,0.04592756,Fruits and Vegetables,127.902,OUT017,2007,,Tier 2,Supermarket Type1,2379.8688100000004
FDM58,16.85,Regular,0.0,Snack Foods,111.0544,OUT045,2002,,Tier 2,Supermarket Type1,2404.982786000003
NCA18,10.1,Low Fat,0.05630601,Household,117.1492,OUT018,2009,Medium,Tier 3,Supermarket Type2,1414.5298286666668
FDT31,19.75,Low Fat,0.012445941,Fruits and Vegetables,187.8872,OUT035,2004,Small,Tier 2,Supermarket Type1,2333.2894419999966
FDT45,15.85,Low Fat,0.05740255,Snack Foods,53.0956,OUT049,1999,Medium,Tier 1,Supermarket Type1,725.4490220000022
NCR54,16.35,Low Fat,0.090702992,Household,195.111,OUT049,1999,Medium,Tier 1,Supermarket Type1,3447.587857333331
NCO18,13.15,Low Fat,0.024751688,Household,178.2686,OUT018,2009,Medium,Tier 3,Supermarket Type2,3206.812383999999
FDU09,7.71,Regular,0.0667322,Snack Foods,56.2956,OUT045,2002,,Tier 2,Supermarket Type1,852.474784666669
FDG45,8.1,Low Fat,0.0,Fruits and Vegetables,213.2902,OUT049,1999,Medium,Tier 1,Supermarket Type1,3516.629097999996
DRH15,8.775,Low Fat,0.109890489,Dairy,45.0428,OUT035,2004,Small,Tier 2,Supermarket Type1,720.5420759999994
DRE01,10.1,Low Fat,0.167123591,Soft Drinks,243.5512,OUT035,2004,Small,Tier 2,Supermarket Type1,4907.258925999986
DRE15,13.35,Low Fat,0.017813048,Dairy,77.0012,OUT049,1999,Medium,Tier 1,Supermarket Type1,1370.11653
NCL42,18.85,Low Fat,0.04045348,Household,247.0144,OUT045,2002,,Tier 2,Supermarket Type1,4601.541320666656
FDN33,6.305,Regular,0.123617286,Snack Foods,93.5436,OUT018,2009,Medium,Tier 3,Supermarket Type2,994.8871853333353
FDQ45,9.5,Regular,0.010961524,Snack Foods,184.4608,OUT018,2009,Medium,Tier 3,Supermarket Type2,2962.761174666665
FDW10,21.2,Low Fat,0.0,Snack Foods,176.137,OUT049,1999,Medium,Tier 1,Supermarket Type1,3076.635167999997
FDS20,8.85,Low Fat,0.054086343,Fruits and Vegetables,182.2292,OUT018,2009,Medium,Tier 3,Supermarket Type2,2465.581682666661
FDV02,16.75,Low Fat,0.060534179,Dairy,169.4106,OUT035,2004,Small,Tier 2,Supermarket Type1,2512.596040000001
FDN23,6.575,Regular,0.075815345,Breads,144.6444,OUT018,2009,Medium,Tier 3,Supermarket Type2,2535.5306306666694
FDV23,11.0,Low Fat,0.106435421,Breads,125.7046,OUT017,2007,,Tier 2,Supermarket Type1,1904.951450666663
DRI03,6.03,Low Fat,0.022749737,Dairy,175.7028,OUT045,2002,,Tier 2,Supermarket Type1,2851.2307973333263
FDN13,18.6,Low Fat,0.152029528,Breakfast,99.3358,OUT035,2004,Small,Tier 2,Supermarket Type1,1651.2217286666662
FDU46,10.3,Regular,0.011124197,Snack Foods,87.454,OUT035,2004,Small,Tier 2,Supermarket Type1,1435.3493946666674
FDB57,20.25,Regular,0.018834342,Fruits and Vegetables,222.3772,OUT049,1999,Medium,Tier 1,Supermarket Type1,4166.527574666668
NCA18,10.1,Low Fat,0.056394771,Household,115.9492,OUT017,2007,,Tier 2,Supermarket Type1,1250.2081693333328
FDM32,20.5,LF,0.020721583,Fruits and Vegetables,91.183,OUT017,2007,,Tier 2,Supermarket Type1,1389.0296886666665
FDP59,20.85,Regular,0.056785107,Breads,102.2648,OUT017,2007,,Tier 2,Supermarket Type1,1859.8190879999966
FDM22,14.0,Regular,0.042042857,Snack Foods,53.864,OUT045,2002,,Tier 2,Supermarket Type1,1063.169413999998
FDX02,16.0,Low Fat,0.057175809,Dairy,223.5404,OUT045,2002,,Tier 2,Supermarket Type1,2961.311949999996
NCS42,8.6,Low Fat,0.06969924,Household,92.6146,OUT018,2009,Medium,Tier 3,Supermarket Type2,1360.9107353333347
FDB21,7.475,Low Fat,0.148751515,Fruits and Vegetables,241.8854,OUT049,1999,Medium,Tier 1,Supermarket Type1,4524.887766666674
FDQ55,13.65,Regular,0.013111823,Fruits and Vegetables,113.2834,OUT017,2007,,Tier 2,Supermarket Type1,2250.4261933333355
FDZ19,6.425,Low Fat,0.093644428,Fruits and Vegetables,174.3712,OUT045,2002,,Tier 2,Supermarket Type1,2454.8978119999997
NCC43,7.39,Low Fat,0.092971061,Household,252.4066,OUT045,2002,,Tier 2,Supermarket Type1,2526.6111300000007
NCA42,6.965,Low Fat,0.028664878,Household,159.0604,OUT018,2009,Medium,Tier 3,Supermarket Type2,3275.800360666666
NCC30,16.6,Low Fat,0.027635129,Household,178.8344,OUT045,2002,,Tier 2,Supermarket Type1,2994.874927999995
FDT44,16.6,Low Fat,0.102967068,Fruits and Vegetables,118.8466,OUT035,2004,Small,Tier 2,Supermarket Type1,1979.7607386666664
FDX26,17.7,Low Fat,0.087945039,Dairy,183.3292,OUT049,1999,Medium,Tier 1,Supermarket Type1,3550.29416533333
NCH42,6.86,Low Fat,0.036611419,Household,230.201,OUT045,2002,,Tier 2,Supermarket Type1,3409.3176733333344
FDV08,7.35,Low Fat,0.028589521,Fruits and Vegetables,42.0454,OUT035,2004,Small,Tier 2,Supermarket Type1,439.9517626666677
FDB47,8.8,Low Fat,0.071720362,Snack Foods,210.6612,OUT018,2009,Medium,Tier 3,Supermarket Type2,2935.554367333329
DRI13,15.35,Low Fat,0.020368186,Soft Drinks,216.9508,OUT045,2002,,Tier 2,Supermarket Type1,4137.96475466667
FDG32,19.85,Low Fat,0.176712457,Fruits and Vegetables,222.9772,OUT018,2009,Medium,Tier 3,Supermarket Type2,3242.0376426666744
FDU14,17.75,Low Fat,0.034949223,Dairy,250.275,OUT017,2007,,Tier 2,Supermarket Type1,3631.646047999997
FDS08,5.735,Low Fat,0.05704978,Fruits and Vegetables,175.037,OUT049,1999,Medium,Tier 1,Supermarket Type1,2603.448888666666
FDX47,6.55,Regular,0.034674522,Breads,157.5288,OUT045,2002,,Tier 2,Supermarket Type1,2712.114106666666
FDQ19,7.35,Regular,0.014362412,Fruits and Vegetables,241.1512,OUT035,2004,Small,Tier 2,Supermarket Type1,4700.727766000001
FDA51,8.05,Regular,0.165013572,Dairy,113.2518,OUT045,2002,,Tier 2,Supermarket Type1,2016.5905753333332
FDZ27,7.935,Low Fat,0.017226149,Dairy,48.635,OUT018,2009,Medium,Tier 3,Supermarket Type2,643.1228520000008
DRC13,8.26,Regular,0.03249201,Soft Drinks,124.773,OUT049,1999,Medium,Tier 1,Supermarket Type1,2260.486431333328
FDD09,13.5,Low Fat,0.021492339,Fruits and Vegetables,179.6976,OUT035,2004,Small,Tier 2,Supermarket Type1,2285.433957333336
FDX07,19.2,Regular,0.02304845,Fruits and Vegetables,183.495,OUT017,2007,,Tier 2,Supermarket Type1,3055.671345333325
FDR07,21.35,Low Fat,0.077729209,Fruits and Vegetables,97.0094,OUT035,2004,Small,Tier 2,Supermarket Type1,1771.9246106666676
FDA51,8.05,Regular,0.165611092,Dairy,114.2518,OUT017,2007,,Tier 2,Supermarket Type1,1678.1844093333336
FDF20,12.85,Low Fat,0.033408076,Fruits and Vegetables,195.0768,OUT017,2007,,Tier 2,Supermarket Type1,2963.003082000002
FDY26,20.6,Regular,0.030557961,Dairy,210.2244,OUT049,1999,Medium,Tier 1,Supermarket Type1,3343.114960000003
FDP46,15.35,Low Fat,0.074731622,Snack Foods,87.883,OUT049,1999,Medium,Tier 1,Supermarket Type1,1555.4197666666641
FDX33,9.195,Regular,0.117963418,Snack Foods,161.1578,OUT018,2009,Medium,Tier 3,Supermarket Type2,2334.066208666665
FDF39,14.85,Regular,0.0,Dairy,261.691,OUT049,1999,Medium,Tier 1,Supermarket Type1,3413.416782000001
FDS21,19.85,Regular,0.020994235,Snack Foods,60.7194,OUT017,2007,,Tier 2,Supermarket Type1,760.1327633333325
NCH54,13.5,Low Fat,0.072816495,Household,157.892,OUT045,2002,,Tier 2,Supermarket Type1,2740.759042000003
FDT56,16.0,Regular,0.115772125,Fruits and Vegetables,58.9246,OUT049,1999,Medium,Tier 1,Supermarket Type1,800.5579200000018
DRD15,10.6,Low Fat,0.057027285,Dairy,232.3642,OUT018,2009,Medium,Tier 3,Supermarket Type2,3182.8990673333315
FDP21,7.42,Regular,0.025780862,Snack Foods,187.0872,OUT049,1999,Medium,Tier 1,Supermarket Type1,3571.5487206666685
NCP06,20.7,Low Fat,0.039325397,Household,149.4366,OUT045,2002,,Tier 2,Supermarket Type1,2511.9391173333347
DRH49,19.7,Low Fat,0.0,Soft Drinks,84.2592,OUT045,2002,,Tier 2,Supermarket Type1,1433.611656666666
NCI06,11.3,Low Fat,0.0479876,Household,180.866,OUT017,2007,,Tier 2,Supermarket Type1,3327.226752666659
FDX27,20.7,Regular,0.114762583,Dairy,95.1436,OUT017,2007,,Tier 2,Supermarket Type1,1393.3130019999976
DRM37,15.35,Low Fat,0.09659331,Soft Drinks,198.2768,OUT045,2002,,Tier 2,Supermarket Type1,4165.779659333334
FDA38,5.44,LF,0.025531593,Dairy,241.5538,OUT045,2002,,Tier 2,Supermarket Type1,3279.5443760000003
FDV47,17.1,Low Fat,0.054317483,Breads,85.7566,OUT045,2002,,Tier 2,Supermarket Type1,1209.6587300000015
FDN21,18.6,Low Fat,0.077011493,Snack Foods,160.5236,OUT045,2002,,Tier 2,Supermarket Type1,2091.1379819999984
FDA56,9.21,Low Fat,0.008814363,Fruits and Vegetables,122.7414,OUT017,2007,,Tier 2,Supermarket Type1,1936.0620653333344
FDQ49,20.2,Regular,0.039407615,Breakfast,156.563,OUT018,2009,Medium,Tier 3,Supermarket Type2,2060.005173999998
FDZ09,17.6,Low Fat,0.105306199,Snack Foods,164.3868,OUT018,2009,Medium,Tier 3,Supermarket Type2,2426.354966
NCG42,19.2,LF,0.041461032,Household,129.931,OUT017,2007,,Tier 2,Supermarket Type1,2047.661242
FDW26,11.8,Regular,0.107493292,Dairy,220.4772,OUT018,2009,Medium,Tier 3,Supermarket Type2,3462.934547333327
NCN30,16.35,Low Fat,0.017019624,Household,94.541,OUT049,1999,Medium,Tier 1,Supermarket Type1,1400.2550766666664
FDU22,12.35,Low Fat,0.093485761,Snack Foods,119.6124,OUT045,2002,,Tier 2,Supermarket Type1,2132.0824626666663
DRH01,17.5,Low Fat,0.098056243,Soft Drinks,175.7738,OUT049,1999,Medium,Tier 1,Supermarket Type1,2631.4901653333354
NCP30,20.5,Low Fat,0.032902177,Household,39.7822,OUT018,2009,Medium,Tier 3,Supermarket Type2,453.4675026666663
NCP02,7.105,Low Fat,0.044800289,Household,58.0562,OUT035,2004,Small,Tier 2,Supermarket Type1,784.5010433333337
FDJ10,5.095,Regular,0.13023619,Snack Foods,140.3838,OUT017,2007,,Tier 2,Supermarket Type1,1795.931139333334
NCB18,19.6,Low Fat,0.041524729,Household,87.8514,OUT017,2007,,Tier 2,Supermarket Type1,1495.7197000000015
NCQ50,18.75,Low Fat,0.034447102,Household,212.5218,OUT018,2009,Medium,Tier 3,Supermarket Type2,3498.9165986666667
FDZ33,10.195,Low Fat,0.107614855,Snack Foods,148.6076,OUT045,2002,,Tier 2,Supermarket Type1,1941.7546553333314
FDA08,11.85,Regular,0.050163021,Fruits and Vegetables,163.1526,OUT049,1999,Medium,Tier 1,Supermarket Type1,3692.1761453333297
FDV33,9.6,Regular,0.02733844,Snack Foods,258.1304,OUT035,2004,Small,Tier 2,Supermarket Type1,4487.407665333338
DRZ24,7.535,Low Fat,0.0,Soft Drinks,120.244,OUT018,2009,Medium,Tier 3,Supermarket Type2,1617.760840000001
NCL54,12.6,Low Fat,0.082738167,Household,173.5054,OUT035,2004,Small,Tier 2,Supermarket Type1,3229.2764760000064
FDX08,12.85,Low Fat,0.022731909,Fruits and Vegetables,182.4318,OUT017,2007,,Tier 2,Supermarket Type1,2467.907544
FDN49,17.25,Regular,0.125932787,Breakfast,38.248,OUT017,2007,,Tier 2,Supermarket Type1,528.4010733333334
FDL08,10.8,Low Fat,0.04992156,Fruits and Vegetables,246.0144,OUT018,2009,Medium,Tier 3,Supermarket Type2,2677.5413319999975
FDP19,11.5,Low Fat,0.174222894,Fruits and Vegetables,129.4652,OUT018,2009,Medium,Tier 3,Supermarket Type2,2387.8495326666625
NCN26,10.85,Low Fat,0.028724484,Household,116.0808,OUT049,1999,Medium,Tier 1,Supermarket Type1,1602.8802100000016
FDS02,10.195,Regular,0.14616317,Dairy,193.1794,OUT045,2002,,Tier 2,Supermarket Type1,3383.429150000003
FDD32,17.7,Regular,0.0,Fruits and Vegetables,80.0276,OUT035,2004,Small,Tier 2,Supermarket Type1,1300.5670620000012
FDY09,15.6,Low Fat,0.025195384,Snack Foods,176.8054,OUT035,2004,Small,Tier 2,Supermarket Type1,3326.250246000003
DRB25,12.3,Low Fat,0.069567714,Soft Drinks,106.0938,OUT049,1999,Medium,Tier 1,Supermarket Type1,1702.796816
FDC57,20.1,Regular,0.054903339,Fruits and Vegetables,193.282,OUT017,2007,,Tier 2,Supermarket Type1,3423.5613546666664
FDU23,12.15,Low Fat,0.021846371,Breads,167.1184,OUT017,2007,,Tier 2,Supermarket Type1,3343.254778000001
NCD06,13.0,Low Fat,0.099306497,Household,46.706,OUT035,2004,Small,Tier 2,Supermarket Type1,776.6690159999997
FDW08,12.1,LF,0.148682491,Fruits and Vegetables,106.728,OUT045,2002,,Tier 2,Supermarket Type1,1210.5553406666659
NCR18,15.85,Low Fat,0.020529174,Household,42.9112,OUT045,2002,,Tier 2,Supermarket Type1,669.4241713333332
FDH46,6.935,Regular,0.041366008,Snack Foods,102.8332,OUT045,2002,,Tier 2,Supermarket Type1,1435.5691086666657
NCP14,8.275,Low Fat,0.110461228,Household,103.6306,OUT049,1999,Medium,Tier 1,Supermarket Type1,1700.9370146666668
NCJ06,20.1,Low Fat,0.034706495,Household,120.1782,OUT049,1999,Medium,Tier 1,Supermarket Type1,2072.9105973333285
FDQ07,15.1,Regular,0.087901272,Fruits and Vegetables,222.7456,OUT017,2007,,Tier 2,Supermarket Type1,3877.3151513333323
FDS45,5.175,reg,0.029541813,Snack Foods,105.1622,OUT049,1999,Medium,Tier 1,Supermarket Type1,1732.0254359999994
NCJ06,20.1,Low Fat,0.034722896,Household,121.1782,OUT045,2002,,Tier 2,Supermarket Type1,2198.183086666663
NCL30,18.1,Low Fat,0.049217255,Household,128.4336,OUT017,2007,,Tier 2,Supermarket Type1,2121.8979419999973
FDN22,18.85,Regular,0.13827922,Snack Foods,251.8724,OUT035,2004,Small,Tier 2,Supermarket Type1,3484.18688333334
FDK03,12.6,Regular,0.073906461,Dairy,256.2356,OUT035,2004,Small,Tier 2,Supermarket Type1,5246.137809999991
FDT45,15.85,Low Fat,0.057637631,Snack Foods,55.0956,OUT017,2007,,Tier 2,Supermarket Type1,735.7822380000016
FDP08,20.5,Regular,0.112867957,Fruits and Vegetables,195.3478,OUT018,2009,Medium,Tier 3,Supermarket Type2,3237.210592666661
DRG39,14.15,Low Fat,0.042173019,Dairy,52.7982,OUT035,2004,Small,Tier 2,Supermarket Type1,1096.592573999999
FDU32,8.785,Low Fat,0.026007997,Fruits and Vegetables,121.9414,OUT049,1999,Medium,Tier 1,Supermarket Type1,2022.7647606666608
FDY27,6.38,Low Fat,0.0,Dairy,178.5344,OUT049,1999,Medium,Tier 1,Supermarket Type1,3100.794830666666
FDY56,16.35,Regular,0.062537976,Fruits and Vegetables,226.5062,OUT045,2002,,Tier 2,Supermarket Type1,4937.404130666676
FDP37,15.6,Low Fat,0.143078892,Breakfast,126.4994,OUT035,2004,Small,Tier 2,Supermarket Type1,2052.428369999999
FDS57,15.5,Low Fat,0.103652052,Snack Foods,141.447,OUT045,2002,,Tier 2,Supermarket Type1,2429.790493999998
NCG18,15.3,Low Fat,0.023013626,Household,102.4332,OUT049,1999,Medium,Tier 1,Supermarket Type1,1616.6245413333345
FDK25,11.6,Regular,0.157470693,Breakfast,168.9474,OUT018,2009,Medium,Tier 3,Supermarket Type2,3392.199955333331
FDB28,6.615,Low Fat,0.093765794,Dairy,199.2426,OUT018,2009,Medium,Tier 3,Supermarket Type2,3043.391773999999
FDV11,9.1,Regular,0.082129741,Breads,176.9054,OUT017,2007,,Tier 2,Supermarket Type1,2804.4095220000013
DRB48,16.75,reg,0.024903892,Soft Drinks,39.1822,OUT045,2002,,Tier 2,Supermarket Type1,576.2499000000006
FDR21,19.7,Low Fat,0.067208126,Snack Foods,175.337,OUT018,2009,Medium,Tier 3,Supermarket Type2,2545.91933
NCE30,16.0,Low Fat,0.099539874,Household,212.3902,OUT018,2009,Medium,Tier 3,Supermarket Type2,3936.0409306666706
FDQ22,16.75,LF,0.029734029,Snack Foods,37.6822,OUT035,2004,Small,Tier 2,Supermarket Type1,506.34755799999994
FDS08,5.735,Low Fat,0.057283416,Fruits and Vegetables,177.837,OUT017,2007,,Tier 2,Supermarket Type1,2107.2747546666665
FDO56,10.195,Regular,0.045052492,Fruits and Vegetables,116.5808,OUT049,1999,Medium,Tier 1,Supermarket Type1,1808.6767706666665
FDN45,19.35,Low Fat,0.118770807,Snack Foods,223.2088,OUT017,2007,,Tier 2,Supermarket Type1,3116.2990933333326
NCA54,16.5,Low Fat,0.036790859,Household,181.4318,OUT018,2009,Medium,Tier 3,Supermarket Type2,3586.2429266666613
FDL09,19.6,Regular,0.128557634,Snack Foods,169.0816,OUT018,2009,Medium,Tier 3,Supermarket Type2,2106.023050666666
FDA50,16.25,Low Fat,0.087351931,Dairy,94.541,OUT045,2002,,Tier 2,Supermarket Type1,1559.1748786666683
FDE22,9.695,Low Fat,0.029618788,Snack Foods,158.892,OUT049,1999,Medium,Tier 1,Supermarket Type1,2461.6290499999964
NCA29,10.5,Low Fat,0.027318818,Household,172.7106,OUT049,1999,Medium,Tier 1,Supermarket Type1,3863.937010000002
FDF08,14.3,Regular,0.065308939,Fruits and Vegetables,89.8856,OUT049,1999,Medium,Tier 1,Supermarket Type1,1515.4362573333299
FDD10,20.6,reg,0.046092237,Snack Foods,178.6344,OUT049,1999,Medium,Tier 1,Supermarket Type1,1995.3071686666672
FDO58,19.6,Low Fat,0.039801037,Snack Foods,162.4526,OUT017,2007,,Tier 2,Supermarket Type1,2479.825363999998
FDO58,19.6,Low Fat,0.039657436,Snack Foods,165.7526,OUT045,2002,,Tier 2,Supermarket Type1,2476.2411406666597
FDF39,14.85,Regular,0.019507599,Dairy,262.091,OUT035,2004,Small,Tier 2,Supermarket Type1,4184.313312000002
NCJ18,12.35,Low Fat,0.164609767,Household,117.6124,OUT018,2009,Medium,Tier 3,Supermarket Type2,1835.093495333334
DRC25,5.73,Low Fat,0.045363276,Soft Drinks,85.1882,OUT035,2004,Small,Tier 2,Supermarket Type1,1668.8698673333283
FDU59,5.78,Low Fat,0.096368001,Breads,160.6552,OUT035,2004,Small,Tier 2,Supermarket Type1,2296.650467999997
FDB39,11.6,Low Fat,0.038675869,Dairy,55.1272,OUT018,2009,Medium,Tier 3,Supermarket Type2,900.2858826666672
FDA58,9.395,Low Fat,0.103961646,Snack Foods,236.0932,OUT045,2002,,Tier 2,Supermarket Type1,4186.177552000003
FDM25,10.695,Regular,0.060788771,Breakfast,175.6712,OUT045,2002,,Tier 2,Supermarket Type1,2768.593920666666
FDQ49,20.2,Regular,0.039308756,Breakfast,156.463,OUT049,1999,Medium,Tier 1,Supermarket Type1,2062.892526666666
DRH25,18.7,Low Fat,0.014652476,Soft Drinks,52.3324,OUT018,2009,Medium,Tier 3,Supermarket Type2,814.8215753333353
NCR42,9.105,Low Fat,0.038638642,Household,32.39,OUT018,2009,Medium,Tier 3,Supermarket Type2,331.1223140000009
FDG20,15.5,Regular,0.125883329,Fruits and Vegetables,175.4028,OUT049,1999,Medium,Tier 1,Supermarket Type1,2209.7702260000015
DRG27,8.895,Low Fat,0.105705241,Dairy,40.0138,OUT017,2007,,Tier 2,Supermarket Type1,582.5772193333327
FDY14,10.3,Low Fat,0.070325509,Dairy,264.3226,OUT018,2009,Medium,Tier 3,Supermarket Type2,4023.7378873333296
FDP59,20.85,Regular,0.056455037,Breads,102.7648,OUT035,2004,Small,Tier 2,Supermarket Type1,1888.313108666667
DRJ39,20.25,Low Fat,0.036531539,Dairy,218.1482,OUT017,2007,,Tier 2,Supermarket Type1,4566.693348666667
FDS07,12.35,LF,0.09991293,Fruits and Vegetables,113.4518,OUT049,1999,Medium,Tier 1,Supermarket Type1,2051.5495139999994
FDR21,19.7,Low Fat,0.067071206,Snack Foods,177.637,OUT045,2002,,Tier 2,Supermarket Type1,2333.573516666668
FDF58,13.3,Low Fat,0.00963535,Snack Foods,61.651,OUT017,2007,,Tier 2,Supermarket Type1,1099.3623019999986
NCE43,12.5,Low Fat,0.103603094,Household,169.1448,OUT049,1999,Medium,Tier 1,Supermarket Type1,2987.422406666669
FDA02,14.0,Regular,0.029717039,Dairy,143.8786,OUT035,2004,Small,Tier 2,Supermarket Type1,1898.6729566666681
FDW59,13.15,Low Fat,0.020748121,Breads,82.7566,OUT049,1999,Medium,Tier 1,Supermarket Type1,1115.8031233333334
FDS22,16.85,Regular,0.023190398,Snack Foods,44.8428,OUT049,1999,Medium,Tier 1,Supermarket Type1,711.4783186666655
FDX02,16.0,Low Fat,0.057382845,Dairy,224.7404,OUT017,2007,,Tier 2,Supermarket Type1,3005.5765533333274
NCM42,6.13,Low Fat,0.028436862,Household,109.0912,OUT018,2009,Medium,Tier 3,Supermarket Type2,1762.3548453333322
FDA57,18.85,Low Fat,0.039805092,Snack Foods,40.348,OUT018,2009,Medium,Tier 3,Supermarket Type2,501.47834066666644
FDE46,18.6,Low Fat,0.015801675,Snack Foods,152.4366,OUT045,2002,,Tier 2,Supermarket Type1,1842.5082880000018
FDB56,8.75,Regular,0.075049323,Fruits and Vegetables,188.2556,OUT017,2007,,Tier 2,Supermarket Type1,3056.632316666669
NCO18,13.15,Low Fat,0.024689595,Household,177.0686,OUT049,1999,Medium,Tier 1,Supermarket Type1,3258.2276793333353
NCA54,16.5,Low Fat,0.036848856,Household,181.3318,OUT017,2007,,Tier 2,Supermarket Type1,3450.697143333328
FDU57,8.27,Regular,0.089918992,Snack Foods,150.7708,OUT018,2009,Medium,Tier 3,Supermarket Type2,2430.5317513333302
FDG46,8.63,Regular,0.033043717,Snack Foods,112.8518,OUT018,2009,Medium,Tier 3,Supermarket Type2,2230.2924013333327
FDM20,10.0,Low Fat,0.038678487,Fruits and Vegetables,245.7144,OUT035,2004,Small,Tier 2,Supermarket Type1,4995.337607999998
FDQ59,9.8,Regular,0.056705486,Breads,83.4908,OUT017,2007,,Tier 2,Supermarket Type1,1083.3453733333333
NCD06,13.0,Low Fat,0.099526713,Household,46.706,OUT045,2002,,Tier 2,Supermarket Type1,782.969703333333
FDC15,18.1,Low Fat,0.177935403,Dairy,155.6288,OUT035,2004,Small,Tier 2,Supermarket Type1,2526.624445999995
FDT38,18.7,Low Fat,0.0578629,Dairy,86.2566,OUT017,2007,,Tier 2,Supermarket Type1,1176.1090680000002
FDQ49,20.2,Regular,0.039240315,Breakfast,154.463,OUT035,2004,Small,Tier 2,Supermarket Type1,2330.517494666665
FDP20,19.85,Low Fat,0.045660601,Fruits and Vegetables,124.502,OUT035,2004,Small,Tier 2,Supermarket Type1,2084.395647333332
NCR54,16.35,Low Fat,0.090745855,Household,196.411,OUT045,2002,,Tier 2,Supermarket Type1,3428.641408666664
FDS57,15.5,Low Fat,0.103863648,Snack Foods,143.147,OUT018,2009,Medium,Tier 3,Supermarket Type2,2030.8076246666649
FDN10,11.5,Low Fat,0.046195515,Snack Foods,117.4124,OUT049,1999,Medium,Tier 1,Supermarket Type1,1549.9957160000004
FDV23,11.0,Low Fat,0.106001313,Breads,125.5046,OUT049,1999,Medium,Tier 1,Supermarket Type1,1984.3769519999935
FDE22,9.695,Low Fat,0.029740086,Snack Foods,161.392,OUT017,2007,,Tier 2,Supermarket Type1,2851.3018159999983
FDQ22,16.75,Low Fat,0.029907872,Snack Foods,37.4822,OUT017,2007,,Tier 2,Supermarket Type1,461.8965306666668
NCF54,18.0,Low Fat,0.047368095,Household,171.7422,OUT035,2004,Small,Tier 2,Supermarket Type1,2943.7104173333305
NCE06,5.825,Low Fat,0.091670767,Household,161.3894,OUT045,2002,,Tier 2,Supermarket Type1,2013.581159333331
DRH49,19.7,Low Fat,0.024693927,Soft Drinks,80.7592,OUT049,1999,Medium,Tier 1,Supermarket Type1,1240.6605973333342
FDY43,14.85,Low Fat,0.098601801,Fruits and Vegetables,170.3474,OUT045,2002,,Tier 2,Supermarket Type1,2910.89979333334
FDZ31,15.35,Regular,0.113857626,Fruits and Vegetables,190.2504,OUT017,2007,,Tier 2,Supermarket Type1,3174.0328306666643
FDR14,11.65,Low Fat,0.174016121,Dairy,55.9298,OUT035,2004,Small,Tier 2,Supermarket Type1,880.4383846666674
NCN54,20.35,Low Fat,0.021359628,Household,78.7328,OUT049,1999,Medium,Tier 1,Supermarket Type1,972.5007699999998
FDK08,9.195,Regular,0.0,Fruits and Vegetables,99.9016,OUT017,2007,,Tier 2,Supermarket Type1,1474.4695833333349
FDV22,14.85,Regular,0.009936905,Snack Foods,156.963,OUT035,2004,Small,Tier 2,Supermarket Type1,3098.801869333329
FDD33,12.85,Low Fat,0.108172183,Fruits and Vegetables,234.2642,OUT035,2004,Small,Tier 2,Supermarket Type1,3604.1684819999937
FDA02,14.0,reg,0.029890782,Dairy,146.3786,OUT017,2007,,Tier 2,Supermarket Type1,2054.319242000001
FDM56,16.7,Low Fat,0.070300718,Fruits and Vegetables,109.3912,OUT049,1999,Medium,Tier 1,Supermarket Type1,1500.0962253333346
FDE57,9.6,LF,0.036278264,Fruits and Vegetables,141.4154,OUT035,2004,Small,Tier 2,Supermarket Type1,2863.736740666668
FDM32,20.5,Low Fat,0.02064682,Fruits and Vegetables,88.783,OUT045,2002,,Tier 2,Supermarket Type1,1298.918097333334
FDU43,19.35,Regular,0.058133621,Fruits and Vegetables,240.3564,OUT049,1999,Medium,Tier 1,Supermarket Type1,4389.705953999998
NCR30,20.6,Low Fat,0.071394538,Household,74.4696,OUT017,2007,,Tier 2,Supermarket Type1,946.5501053333323
NCN18,8.895,Low Fat,0.125420107,Household,111.7544,OUT017,2007,,Tier 2,Supermarket Type1,1860.4405013333308
FDR26,20.7,Low Fat,0.042828678,Dairy,177.3028,OUT035,2004,Small,Tier 2,Supermarket Type1,2723.128657999997
FDS26,20.35,Low Fat,0.08983368,Dairy,261.0594,OUT018,2009,Medium,Tier 3,Supermarket Type2,4032.062606666663
DRK37,5.0,Low Fat,0.044183931,Soft Drinks,188.653,OUT018,2009,Medium,Tier 3,Supermarket Type2,3076.93699733333
FDK46,9.6,Low Fat,0.051547413,Snack Foods,260.662,OUT049,1999,Medium,Tier 1,Supermarket Type1,3845.1614500000023
FDJ33,8.895,Regular,0.088501299,Snack Foods,124.373,OUT045,2002,,Tier 2,Supermarket Type1,1935.4295553333338
NCQ02,12.6,Low Fat,0.007471585,Household,188.1556,OUT045,2002,,Tier 2,Supermarket Type1,3431.610876666668
FDW20,20.75,Low Fat,0.024186975,Fruits and Vegetables,121.573,OUT049,1999,Medium,Tier 1,Supermarket Type1,2355.966589999999
FDF45,18.2,Regular,0.012202405,Fruits and Vegetables,57.3904,OUT035,2004,Small,Tier 2,Supermarket Type1,1166.1686740000016
FDA26,7.855,Regular,0.074338562,Dairy,220.4482,OUT017,2007,,Tier 2,Supermarket Type1,4478.581376666667
FDM32,20.5,Low Fat,0.020637068,Fruits and Vegetables,87.883,OUT049,1999,Medium,Tier 1,Supermarket Type1,1490.9592300000004
FDZ55,6.055,Low Fat,0.025448206,Fruits and Vegetables,159.692,OUT049,1999,Medium,Tier 1,Supermarket Type1,2842.5398879999925
FDA19,7.52,Low Fat,0.055352065,Fruits and Vegetables,130.1994,OUT018,2009,Medium,Tier 3,Supermarket Type2,1515.4495733333308
FDM10,18.25,Low Fat,0.076281071,Snack Foods,213.0218,OUT018,2009,Medium,Tier 3,Supermarket Type2,2943.091223333331
FDD20,14.15,Low Fat,0.020756532,Fruits and Vegetables,123.9046,OUT045,2002,,Tier 2,Supermarket Type1,1795.4206926666654
NCA18,10.1,Low Fat,0.05606697,Household,115.6492,OUT035,2004,Small,Tier 2,Supermarket Type1,1115.4014239999997
FDW09,13.65,Regular,0.025915914,Snack Foods,78.3302,OUT035,2004,Small,Tier 2,Supermarket Type1,1076.4476853333333
FDS47,16.75,Low Fat,0.129410755,Breads,89.0856,OUT018,2009,Medium,Tier 3,Supermarket Type2,1128.3845240000014
NCG19,20.25,Low Fat,0.14823358,Household,235.7616,OUT045,2002,,Tier 2,Supermarket Type1,3804.2835493333314
NCD43,8.85,Low Fat,0.016085216,Household,104.6964,OUT018,2009,Medium,Tier 3,Supermarket Type2,1400.9009026666658
DRH13,8.575,Low Fat,0.02388144,Soft Drinks,108.428,OUT035,2004,Small,Tier 2,Supermarket Type1,1493.6978873333355
NCI43,19.85,Low Fat,0.026021371,Household,49.2376,OUT045,2002,,Tier 2,Supermarket Type1,756.6129006666685
NCG18,15.3,low fat,0.023107874,Household,103.8332,OUT017,2007,,Tier 2,Supermarket Type1,1563.4093666666668
FDN31,11.5,low fat,0.073293783,Fruits and Vegetables,191.053,OUT017,2007,,Tier 2,Supermarket Type1,3099.478766000002
NCZ42,10.5,LF,0.011310821,Household,238.7248,OUT045,2002,,Tier 2,Supermarket Type1,4472.638002000008
FDD40,20.25,Regular,0.014877034,Dairy,193.5162,OUT017,2007,,Tier 2,Supermarket Type1,3216.5086513333345
FDF58,13.3,Low Fat,0.009620184,Snack Foods,61.451,OUT018,2009,Medium,Tier 3,Supermarket Type2,914.2543666666659
FDB32,20.6,Low Fat,0.023500502,Fruits and Vegetables,95.5778,OUT045,2002,,Tier 2,Supermarket Type1,1456.1645219999978
FDB16,8.21,Low Fat,0.045108792,Dairy,87.0198,OUT018,2009,Medium,Tier 3,Supermarket Type2,1182.6716366666653
FDR59,14.5,Regular,0.064123704,Breads,262.3594,OUT018,2009,Medium,Tier 3,Supermarket Type2,4006.4736933333347
NCU06,17.6,Low Fat,0.074557961,Household,231.001,OUT045,2002,,Tier 2,Supermarket Type1,3977.2428539999987
DRH49,19.7,Low Fat,0.024650932,Soft Drinks,83.6592,OUT035,2004,Small,Tier 2,Supermarket Type1,1298.6695320000015
NCT18,14.6,Low Fat,0.059497511,Household,182.4976,OUT049,1999,Medium,Tier 1,Supermarket Type1,3581.569010666666
FDK57,10.195,Low Fat,0.080277707,Snack Foods,119.144,OUT035,2004,Small,Tier 2,Supermarket Type1,2135.939664000001
FDM01,7.895,Regular,0.0,Breakfast,102.4332,OUT045,2002,,Tier 2,Supermarket Type1,1985.522128000001
FDC32,18.35,Low Fat,0.099263089,Fruits and Vegetables,93.4462,OUT049,1999,Medium,Tier 1,Supermarket Type1,1349.6298639999984
NCW54,7.5,Low Fat,0.096958614,Household,55.3588,OUT017,2007,,Tier 2,Supermarket Type1,914.1811286666681
FDF09,6.215,Low Fat,0.012217624,Fruits and Vegetables,37.7848,OUT017,2007,,Tier 2,Supermarket Type1,438.3804746666668
FDP45,15.7,Regular,0.030749596,Snack Foods,250.6724,OUT018,2009,Medium,Tier 3,Supermarket Type2,2836.6919446666684
FDS59,14.8,Regular,0.044141726,Breads,111.157,OUT017,2007,,Tier 2,Supermarket Type1,2289.2978166666685
FDK32,16.25,Regular,0.0,Fruits and Vegetables,152.8682,OUT035,2004,Small,Tier 2,Supermarket Type1,2671.309443999997
NCC31,8.02,Low Fat,0.019951406,Household,155.9972,OUT018,2009,Medium,Tier 3,Supermarket Type2,2931.6017346666613
FDG58,10.695,Regular,0.086916126,Snack Foods,153.7972,OUT049,1999,Medium,Tier 1,Supermarket Type1,2925.6272893333307
DRH36,16.2,Low Fat,0.033431957,Soft Drinks,73.3696,OUT049,1999,Medium,Tier 1,Supermarket Type1,1076.5120459999985
NCR30,20.6,Low Fat,0.070979549,Household,75.5696,OUT035,2004,Small,Tier 2,Supermarket Type1,1385.6474246666655
FDR35,12.5,Low Fat,0.020814797,Breads,198.4742,OUT017,2007,,Tier 2,Supermarket Type1,2872.5696873333327
FDH44,19.1,Regular,0.0,Fruits and Vegetables,146.9418,OUT018,2009,Medium,Tier 3,Supermarket Type2,1834.9780899999994
DRG03,14.5,Low Fat,0.062337196,Dairy,152.4998,OUT017,2007,,Tier 2,Supermarket Type1,2327.7655213333314
DRG03,14.5,Low Fat,0.062112285,Dairy,154.2998,OUT045,2002,,Tier 2,Supermarket Type1,2365.7005859999986
FDS56,5.785,Regular,0.038914743,Fruits and Vegetables,264.0252,OUT018,2009,Medium,Tier 3,Supermarket Type2,3464.1019166666733
FDU33,7.63,Regular,0.134982959,Snack Foods,45.2402,OUT045,2002,,Tier 2,Supermarket Type1,975.8519633333323
DRD27,18.75,Low Fat,0.023835413,Dairy,99.1042,OUT035,2004,Small,Tier 2,Supermarket Type1,1652.2248673333343
DRA24,19.35,Regular,0.040009212,Soft Drinks,163.2868,OUT045,2002,,Tier 2,Supermarket Type1,2021.313316666667
FDS58,9.285,Regular,0.021092185,Snack Foods,160.8578,OUT018,2009,Medium,Tier 3,Supermarket Type2,2687.681466
DRK39,7.02,Low Fat,0.05006853,Dairy,84.025,OUT018,2009,Medium,Tier 3,Supermarket Type2,1117.3011733333344
NCS38,8.6,Low Fat,0.090701591,Household,114.2176,OUT017,2007,,Tier 2,Supermarket Type1,2086.373073333334
NCJ06,20.1,Low Fat,0.034793779,Household,119.8782,OUT018,2009,Medium,Tier 3,Supermarket Type2,2027.4076059999961
FDC52,11.15,Regular,0.008292773,Dairy,152.2708,OUT049,1999,Medium,Tier 1,Supermarket Type1,2936.47982933334
FDQ34,10.85,Low Fat,0.162494861,Snack Foods,104.5622,OUT049,1999,Medium,Tier 1,Supermarket Type1,1308.8540526666634
FDI10,8.51,Regular,0.078847814,Snack Foods,171.5422,OUT017,2007,,Tier 2,Supermarket Type1,3049.0111260000017
DRI13,15.35,Low Fat,0.020358565,Soft Drinks,216.5508,OUT049,1999,Medium,Tier 1,Supermarket Type1,4309.357210000006
DRB01,7.39,Low Fat,0.082704564,Soft Drinks,189.053,OUT017,2007,,Tier 2,Supermarket Type1,2749.5609179999965
NCF42,17.35,Low Fat,0.167643297,Household,177.1712,OUT049,1999,Medium,Tier 1,Supermarket Type1,2726.291208000002
FDW55,12.6,Regular,0.022014451,Fruits and Vegetables,248.2092,OUT045,2002,,Tier 2,Supermarket Type1,5181.719440666661
FDK21,7.905,Low Fat,0.010068952,Snack Foods,249.4408,OUT017,2007,,Tier 2,Supermarket Type1,3780.998303999988
FDS10,19.2,Low Fat,0.035256945,Snack Foods,181.7318,OUT045,2002,,Tier 2,Supermarket Type1,3013.9700719999955
FDX44,9.3,Low Fat,0.043053682,Fruits and Vegetables,87.6172,OUT045,2002,,Tier 2,Supermarket Type1,1196.4448193333326
FDT20,10.5,Low Fat,0.041564073,Fruits and Vegetables,38.4164,OUT018,2009,Medium,Tier 3,Supermarket Type2,420.6302466666669
FDO44,12.6,low fat,0.087947879,Fruits and Vegetables,109.9228,OUT017,2007,,Tier 2,Supermarket Type1,1280.8260920000007
NCV42,6.26,LF,0.031416038,Household,112.5228,OUT035,2004,Small,Tier 2,Supermarket Type1,1698.1761639999997
FDY50,5.8,Low Fat,0.0,Dairy,88.8172,OUT049,1999,Medium,Tier 1,Supermarket Type1,1296.656596666667
FDL21,15.85,Regular,0.007175526,Snack Foods,40.848,OUT018,2009,Medium,Tier 3,Supermarket Type2,434.63202066666594
FDV33,9.6,Regular,0.027498277,Snack Foods,260.2304,OUT017,2007,,Tier 2,Supermarket Type1,4175.360521333337
DRE12,4.59,Low Fat,0.071180921,Soft Drinks,114.186,OUT017,2007,,Tier 2,Supermarket Type1,1289.3438933333339
NCB55,15.7,Low Fat,0.160632642,Household,57.8562,OUT035,2004,Small,Tier 2,Supermarket Type1,659.2218960000005
FDR34,17.0,Regular,0.01596229,Snack Foods,230.8352,OUT035,2004,Small,Tier 2,Supermarket Type1,4898.612403333326
NCT06,17.1,Low Fat,0.03879778,Household,166.3842,OUT049,1999,Medium,Tier 1,Supermarket Type1,2402.1509166666615
FDU56,16.85,Low Fat,0.044504129,Fruits and Vegetables,183.5266,OUT045,2002,,Tier 2,Supermarket Type1,3230.927659999997
FDM09,11.15,Regular,0.085915295,Snack Foods,170.779,OUT035,2004,Small,Tier 2,Supermarket Type1,3033.770964000001
FDV02,16.75,Low Fat,0.060888099,Dairy,171.9106,OUT017,2007,,Tier 2,Supermarket Type1,2746.7889706666674
FDS34,19.35,reg,0.07707176,Snack Foods,112.8518,OUT018,2009,Medium,Tier 3,Supermarket Type2,1452.6490980000012
FDP09,19.75,Low Fat,0.034081551,Snack Foods,211.7902,OUT017,2007,,Tier 2,Supermarket Type1,3732.778848666669
FDT19,7.59,Regular,0.0,Fruits and Vegetables,172.808,OUT017,2007,,Tier 2,Supermarket Type1,3380.4397079999976
DRH15,8.775,Low Fat,0.110532975,Dairy,44.2428,OUT017,2007,,Tier 2,Supermarket Type1,673.4278486666663
NCJ43,6.635,Low Fat,0.027124299,Household,172.9396,OUT045,2002,,Tier 2,Supermarket Type1,2956.5958666666684
FDH10,21.0,Low Fat,0.049405001,Snack Foods,192.8478,OUT045,2002,,Tier 2,Supermarket Type1,1390.9538506666677
NCR06,12.5,Low Fat,0.006803416,Household,40.8112,OUT017,2007,,Tier 2,Supermarket Type1,468.35035200000016
FDU32,8.785,Low Fat,0.026073405,Fruits and Vegetables,121.4414,OUT018,2009,Medium,Tier 3,Supermarket Type2,1615.794510666668
FDD56,15.2,Regular,0.103939618,Fruits and Vegetables,173.6054,OUT049,1999,Medium,Tier 1,Supermarket Type1,3103.1850526666713
FDX10,6.385,Regular,0.124214471,Snack Foods,35.5874,OUT018,2009,Medium,Tier 3,Supermarket Type2,403.82545466666653
DRC49,8.67,LF,0.065538317,Soft Drinks,141.8128,OUT049,1999,Medium,Tier 1,Supermarket Type1,2057.639364666667
FDS14,7.285,Low Fat,0.050167414,Dairy,156.9288,OUT018,2009,Medium,Tier 3,Supermarket Type2,2431.6902433333335
FDJ08,11.1,Low Fat,0.110651177,Fruits and Vegetables,192.7846,OUT035,2004,Small,Tier 2,Supermarket Type1,3100.2976999999964
NCZ06,19.6,Low Fat,0.094352624,Household,253.8698,OUT045,2002,,Tier 2,Supermarket Type1,3619.2310973333274
FDO31,6.76,Regular,0.029027743,Fruits and Vegetables,81.396,OUT049,1999,Medium,Tier 1,Supermarket Type1,931.5451926666661
FDS58,9.285,Regular,0.021125435,Snack Foods,159.7578,OUT017,2007,,Tier 2,Supermarket Type1,2790.820543999997
NCW42,18.2,Low Fat,0.058559885,Household,222.6456,OUT049,1999,Medium,Tier 1,Supermarket Type1,3681.494494000002
FDK51,19.85,Low Fat,0.005256469,Dairy,264.0884,OUT018,2009,Medium,Tier 3,Supermarket Type2,4213.031485333335
NCM54,17.7,Low Fat,0.051018257,Household,125.2678,OUT049,1999,Medium,Tier 1,Supermarket Type1,2428.063852666663
FDZ20,16.1,Low Fat,0.034446714,Fruits and Vegetables,253.3356,OUT018,2009,Medium,Tier 3,Supermarket Type2,2670.255260666668
FDP58,11.1,Low Fat,0.135116764,Snack Foods,220.4482,OUT035,2004,Small,Tier 2,Supermarket Type1,4050.545214666666
FDA20,6.78,Low Fat,0.066756194,Fruits and Vegetables,187.324,OUT045,2002,,Tier 2,Supermarket Type1,1952.0434846666647
FDV35,19.5,Low Fat,0.128931187,Breads,154.6314,OUT017,2007,,Tier 2,Supermarket Type1,2428.978218
FDD34,7.945,Low Fat,0.01594096,Snack Foods,163.121,OUT018,2009,Medium,Tier 3,Supermarket Type2,2855.9912673333297
FDK51,19.85,Low Fat,0.0,Dairy,265.0884,OUT045,2002,,Tier 2,Supermarket Type1,3164.165674666669
FDV31,9.8,LF,0.106697143,Fruits and Vegetables,175.637,OUT035,2004,Small,Tier 2,Supermarket Type1,1718.5318893333317
FDR14,11.65,Low Fat,0.174319632,Dairy,55.5298,OUT049,1999,Medium,Tier 1,Supermarket Type1,895.4388586666678
FDP57,17.5,Low Fat,0.052525654,Snack Foods,104.399,OUT049,1999,Medium,Tier 1,Supermarket Type1,1530.6741999999983
FDW47,15.0,LF,0.046366458,Breads,119.9414,OUT035,2004,Small,Tier 2,Supermarket Type1,1711.501041333333
FDV46,18.2,Low Fat,0.012605492,Snack Foods,137.818,OUT035,2004,Small,Tier 2,Supermarket Type1,2032.8693853333348
FDE09,8.775,Low Fat,0.021691386,Fruits and Vegetables,110.5228,OUT018,2009,Medium,Tier 3,Supermarket Type2,1949.5622700000015
DRF15,18.35,Low Fat,0.033401862,Dairy,152.234,OUT017,2007,,Tier 2,Supermarket Type1,2723.7101233333306
NCB07,19.2,Low Fat,0.077664737,Household,195.511,OUT045,2002,,Tier 2,Supermarket Type1,2842.411166666663
FDU50,5.75,Regular,0.075155997,Dairy,114.1176,OUT035,2004,Small,Tier 2,Supermarket Type1,1765.1356699999997
FDW10,21.2,Low Fat,0.070964186,Snack Foods,175.637,OUT018,2009,Medium,Tier 3,Supermarket Type2,3268.0881773333344
FDP21,7.42,reg,0.025735975,Snack Foods,187.7872,OUT035,2004,Small,Tier 2,Supermarket Type1,2923.7097853333285
FDB51,6.92,Low Fat,0.038513862,Dairy,61.5852,OUT049,1999,Medium,Tier 1,Supermarket Type1,1010.9573779999982
FDC51,10.895,Regular,0.009661057,Dairy,122.973,OUT018,2009,Medium,Tier 3,Supermarket Type2,2025.075086666665
FDE40,15.6,Regular,0.099297902,Dairy,60.5194,OUT049,1999,Medium,Tier 1,Supermarket Type1,796.8205626666653
FDU56,16.85,Low Fat,0.0,Fruits and Vegetables,185.3266,OUT035,2004,Small,Tier 2,Supermarket Type1,3002.147683333327
FDX02,16.0,Low Fat,0.057148803,Dairy,224.3404,OUT049,1999,Medium,Tier 1,Supermarket Type1,2683.8508966666636
NCY06,15.25,Low Fat,0.06127993,Household,129.6968,OUT049,1999,Medium,Tier 1,Supermarket Type1,2021.7105773333321
FDY56,16.35,Regular,0.062399603,Fruits and Vegetables,224.7062,OUT035,2004,Small,Tier 2,Supermarket Type1,4438.225019333344
NCI06,11.3,LF,0.047708667,Household,178.366,OUT035,2004,Small,Tier 2,Supermarket Type1,3534.565749999997
FDQ14,9.27,Low Fat,0.061912597,Dairy,150.105,OUT045,2002,,Tier 2,Supermarket Type1,2450.0485686666634
FDY09,15.6,Low Fat,0.025302804,Snack Foods,176.8054,OUT018,2009,Medium,Tier 3,Supermarket Type2,2694.9409053333343
NCW30,5.21,Low Fat,0.011027014,Household,260.6962,OUT049,1999,Medium,Tier 1,Supermarket Type1,3554.979178000001
FDE58,18.5,Low Fat,0.052280828,Snack Foods,117.3124,OUT018,2009,Medium,Tier 3,Supermarket Type2,1570.708753999997
FDH08,7.51,Low Fat,0.017527666,Fruits and Vegetables,228.001,OUT017,2007,,Tier 2,Supermarket Type1,2398.651027999999
FDG22,17.6,Regular,0.041445492,Snack Foods,35.219,OUT049,1999,Medium,Tier 1,Supermarket Type1,685.5853566666676
FDC34,16.0,Regular,0.172726426,Snack Foods,156.7972,OUT035,2004,Small,Tier 2,Supermarket Type1,3421.626096000003
FDU45,15.6,Regular,0.035499428,Snack Foods,115.7518,OUT035,2004,Small,Tier 2,Supermarket Type1,2057.9034653333315
FDX22,6.785,Regular,0.023068402,Snack Foods,209.7928,OUT018,2009,Medium,Tier 3,Supermarket Type2,2907.568573999991
FDB45,20.85,Low Fat,0.021450443,Fruits and Vegetables,103.6306,OUT017,2007,,Tier 2,Supermarket Type1,1507.3512259999982
NCM54,17.7,Low Fat,0.051227193,Household,127.2678,OUT017,2007,,Tier 2,Supermarket Type1,2218.718577999996
NCT06,17.1,Low Fat,0.038956669,Household,165.1842,OUT017,2007,,Tier 2,Supermarket Type1,2413.596018666665
FDK09,15.2,Low Fat,0.091949401,Snack Foods,227.4352,OUT045,2002,,Tier 2,Supermarket Type1,3864.6028099999926
FDW11,12.6,Low Fat,0.048881014,Breads,63.7194,OUT045,2002,,Tier 2,Supermarket Type1,951.0731066666652
FDN08,7.72,Regular,0.088502045,Fruits and Vegetables,116.2466,OUT049,1999,Medium,Tier 1,Supermarket Type1,2223.7542453333326
FDT57,15.2,Low Fat,0.019073386,Snack Foods,237.7248,OUT045,2002,,Tier 2,Supermarket Type1,3718.0469139999936
FDK56,9.695,Low Fat,0.130733334,Fruits and Vegetables,188.3898,OUT017,2007,,Tier 2,Supermarket Type1,3177.9366380000024
DRF15,18.35,Low Fat,0.033281349,Dairy,154.134,OUT045,2002,,Tier 2,Supermarket Type1,2693.2786246666674
FDK57,10.195,Low Fat,0.080619969,Snack Foods,119.144,OUT018,2009,Medium,Tier 3,Supermarket Type2,2140.391646666667
NCD31,12.1,Low Fat,0.015431545,Household,162.7526,OUT035,2004,Small,Tier 2,Supermarket Type1,3221.7906646666643
FDJ56,8.985,LF,0.183368339,Fruits and Vegetables,100.07,OUT035,2004,Small,Tier 2,Supermarket Type1,1439.0024173333347
FDD39,16.7,Low Fat,0.070141633,Dairy,214.985,OUT035,2004,Small,Tier 2,Supermarket Type1,3502.813748000003
FDB09,16.25,Low Fat,0.057512493,Fruits and Vegetables,125.5046,OUT045,2002,,Tier 2,Supermarket Type1,1829.8358946666665
DRM49,6.11,Regular,0.152573001,Soft Drinks,45.1086,OUT018,2009,Medium,Tier 3,Supermarket Type2,851.6869213333331
DRH01,17.5,Low Fat,0.097885516,Soft Drinks,172.6738,OUT035,2004,Small,Tier 2,Supermarket Type1,3129.817052666669
NCD55,14.0,Low Fat,0.024430294,Household,42.6454,OUT018,2009,Medium,Tier 3,Supermarket Type2,337.6205220000002
FDQ57,7.275,Low Fat,0.02800432,Snack Foods,146.976,OUT045,2002,,Tier 2,Supermarket Type1,2713.6254726666643
FDC21,14.6,Regular,0.04302561,Fruits and Vegetables,110.0254,OUT049,1999,Medium,Tier 1,Supermarket Type1,1727.1872893333355
FDF58,13.3,Low Fat,0.009579343,Snack Foods,62.351,OUT035,2004,Small,Tier 2,Supermarket Type1,1247.0700319999985
FDA43,10.895,low fat,0.064663519,Fruits and Vegetables,194.0794,OUT035,2004,Small,Tier 2,Supermarket Type1,2997.4515739999993
NCE55,8.92,Low Fat,0.0,Household,178.137,OUT018,2009,Medium,Tier 3,Supermarket Type2,3361.3667573333305
NCS54,13.6,Low Fat,0.010049688,Household,174.937,OUT017,2007,,Tier 2,Supermarket Type1,3550.0300646666687
FDK57,10.195,Low Fat,0.080417724,Snack Foods,121.244,OUT049,1999,Medium,Tier 1,Supermarket Type1,2281.8763659999986
FDR56,15.5,Regular,0.100970195,Fruits and Vegetables,195.8768,OUT045,2002,,Tier 2,Supermarket Type1,3320.9371619999956
FDB47,8.8,Low Fat,0.07157425,Snack Foods,207.9612,OUT045,2002,,Tier 2,Supermarket Type1,2901.796087999996
FDY32,7.605,Low Fat,0.129972082,Fruits and Vegetables,162.921,OUT017,2007,,Tier 2,Supermarket Type1,2762.8569439999997
FDG34,11.5,Regular,0.037628842,Snack Foods,109.5254,OUT049,1999,Medium,Tier 1,Supermarket Type1,1398.1755613333364
NCF18,18.35,Low Fat,0.088965771,Household,189.8504,OUT035,2004,Small,Tier 2,Supermarket Type1,3899.4507819999985
NCH55,16.35,Low Fat,0.03466576,Household,125.902,OUT035,2004,Small,Tier 2,Supermarket Type1,2283.7583606666635
FDS44,12.65,Regular,0.156014453,Fruits and Vegetables,238.9538,OUT035,2004,Small,Tier 2,Supermarket Type1,4423.131333333331
DRE01,10.1,LF,0.167836117,Soft Drinks,241.0512,OUT018,2009,Medium,Tier 3,Supermarket Type2,4031.6853199999987
FDY32,7.605,Low Fat,0.129767515,Fruits and Vegetables,161.821,OUT018,2009,Medium,Tier 3,Supermarket Type2,2530.4705506666633
FDU57,8.27,Regular,0.089693419,Snack Foods,152.2708,OUT049,1999,Medium,Tier 1,Supermarket Type1,2865.9538546666645
FDY46,18.6,Low Fat,0.047987061,Snack Foods,186.8898,OUT045,2002,,Tier 2,Supermarket Type1,2952.2015866666698
